epoch,steps,accuracy_cosine
1.0,893,0.8588531613349915
1.0,893,0.8569628000259399
2.0,1786,0.8575929403305054
3.0,2679,0.8575929403305054
